"Time (s)","Latitude (째)","Longitude (째)","Height (m)","Velocity (m/s)","Direction (째)","Horizontal Accuracy (m)","Vertical Accuracy (째)"
6.344079971E-3,6.502670646E1,2.548377601E1,1.505343162E1,NaN,NaN,3.043122025E1,3.000000000E1
6.492018700E-3,6.502670646E1,2.548377601E1,1.377399968E1,NaN,NaN,3.789501400E1,3.000134272E1
7.120966911E-3,6.502671516E1,2.548369649E1,1.530245832E1,NaN,NaN,3.117758918E1,3.000000000E1
3.545105457E-2,6.502671461E1,2.548369829E1,1.530245832E1,NaN,NaN,3.117344717E1,3.000010941E1
3.288914561E0,6.502669047E1,2.548370305E1,1.724465751E1,0.000000000E0,NaN,2.298682854E1,2.191191864E1
4.288899302E0,6.502667931E1,2.548374709E1,1.747814284E1,0.000000000E0,NaN,1.975313752E1,2.988539314E1
5.288882732E0,6.502666238E1,2.548377716E1,1.730531291E1,0.000000000E0,NaN,1.972391235E1,3.483714294E1
6.288867354E0,6.502659864E1,2.548392717E1,2.416192347E1,1.749630868E-1,NaN,2.282525396E1,2.511976242E1
7.288850784E0,6.502660933E1,2.548401881E1,2.616322707E1,4.729120806E-2,NaN,1.749074567E1,2.278593636E1
8.288834929E0,6.502658105E1,2.548405499E1,2.361170806E1,3.675889671E-1,NaN,1.568729212E1,2.107033920E1
9.288943172E0,6.502659052E1,2.548405570E1,2.265212590E1,2.420284748E-1,NaN,1.458490844E1,1.805554008E1
1.025094986E1,6.502659729E1,2.548408568E1,2.235382694E1,3.675889671E-1,NaN,1.359264170E1,1.608311844E1
1.125093639E1,6.502659606E1,2.548409834E1,2.223370270E1,6.548278928E-1,NaN,1.357561614E1,1.568057251E1
1.225120032E1,6.502659273E1,2.548410507E1,2.191918714E1,9.240716100E-1,NaN,1.308976563E1,1.511889458E1
1.325145185E1,6.502658928E1,2.548412648E1,2.130597830E1,1.244122505E0,NaN,1.207662551E1,1.363927174E1
1.425168633E1,6.502658724E1,2.548410373E1,1.973253797E1,1.389085174E0,1.303539008E2,1.263990634E1,1.227349281E1
1.525192547E1,6.502657761E1,2.548414385E1,1.973293111E1,1.389085174E0,1.303539211E2,1.028225688E1,1.227349281E1
1.625216198E1,6.502657295E1,2.548418085E1,1.898632471E1,1.354558945E0,1.271242939E2,9.538038811E0,1.116336441E1
1.725237942E1,6.502656430E1,2.548423184E1,1.637505778E1,1.389085174E0,1.023867542E2,8.025138089E0,8.669251442E0
1.825257373E1,6.502656880E1,2.548426211E1,1.616538103E1,1.535097241E0,1.056644278E2,6.937143553E0,7.122192860E0
1.925275290E1,6.502656741E1,2.548430563E1,1.597297557E1,1.535097241E0,1.019695623E2,6.741461739E0,7.016651154E0
2.025291467E1,6.502656764E1,2.548431119E1,1.649568532E1,1.404432058E0,1.059336440E2,5.641887092E0,6.845093727E0
2.125307500E1,6.502657099E1,2.548429309E1,1.634418381E1,7.369073629E-1,1.059336317E2,4.967731999E0,6.767031193E0
2.225322628E1,6.502657233E1,2.548428532E1,1.617544362E1,4.536816180E-1,1.059336265E2,4.857874201E0,6.819404602E0
2.325335538E1,6.502657949E1,2.548428891E1,1.522082281E1,4.536816180E-1,1.059336265E2,4.310281239E0,6.788020959E0
2.425346351E1,6.502659102E1,2.548428432E1,1.353855332E1,3.509411812E-1,1.059336246E2,4.748651530E0,6.748508923E0
2.525356352E1,6.502660486E1,2.548425634E1,1.285978681E1,3.509411812E-1,1.059336246E2,4.748651530E0,6.965542844E0
2.625365782E1,6.502661730E1,2.548421948E1,1.226986292E1,3.481391668E-1,1.059336245E2,4.748651530E0,7.228908937E0
2.725374341E1,6.502663477E1,2.548418654E1,1.183732128E1,5.342752337E-1,3.384318261E2,4.748651530E0,7.390349671E0
2.825382364E1,6.502663992E1,2.548418389E1,1.132861876E1,3.481391668E-1,3.384318274E2,4.748651530E0,7.020617081E0
2.925389814E1,6.502664420E1,2.548418311E1,1.109903256E1,1.709639132E-1,3.384318287E2,4.748651530E0,6.701712189E0
3.025396693E1,6.502664902E1,2.548418146E1,1.106774343E1,1.359993666E-1,NaN,4.876902110E0,6.631114960E0
3.125403202E1,6.502665688E1,2.548418051E1,1.041200082E1,2.687365711E-1,3.384318280E2,4.748651530E0,6.413568366E0
3.225409007E1,6.502666622E1,2.548418048E1,9.833008390E0,2.687365711E-1,3.384318280E2,4.748651530E0,6.294208932E0
3.325414491E1,6.502668030E1,2.548417949E1,9.542001724E0,3.847792149E-1,3.384318272E2,4.748651530E0,6.167068916E0
3.425419581E1,6.502669754E1,2.548418535E1,9.171963930E0,9.325097203E-1,4.692975781E0,4.748651530E0,6.017472014E0
3.525424147E1,6.502674864E1,2.548419541E1,8.400808356E0,1.212228856E0,8.435350541E-1,1.999999931E0,3.000000000E0
3.625428438E1,6.502676408E1,2.548420642E1,8.861698515E0,1.540537995E0,2.349125067E0,1.999999906E0,3.000000000E0
3.725432312E1,6.502677656E1,2.548420594E1,9.293415143E0,1.239140846E0,3.557575946E2,1.999999932E0,3.000000000E0
3.825435901E1,6.502678866E1,2.548420816E1,9.380032692E0,1.108810156E0,3.560315444E2,1.999999935E0,3.000000000E0
3.925439179E1,6.502680687E1,2.548421127E1,9.348682868E0,1.352809785E0,3.599838366E2,1.999999918E0,3.000000000E0
4.025442314E1,6.502682295E1,2.548420742E1,9.575663469E0,1.347545805E0,3.558944537E2,1.999999922E0,3.000000000E0
4.125444984E1,6.502683642E1,2.548420912E1,9.461944473E0,1.246690717E0,2.741550640E-1,1.999999930E0,3.000000000E0
4.225447476E1,6.502684604E1,2.548420412E1,9.323481528E0,1.250320710E0,3.573562892E2,1.999999940E0,3.000000000E0
4.325449693E1,6.502685784E1,2.548420578E1,9.197207089E0,1.312190501E0,3.596645689E2,1.999999938E0,3.000000000E0
4.425451744E1,6.502687121E1,2.548421125E1,9.294366531E0,1.338258855E0,1.747723791E0,1.999999937E0,3.000000000E0
4.525453544E1,6.502688287E1,2.548421086E1,9.416960003E0,1.319055600E0,4.014940622E-1,1.999999940E0,3.000000000E0
4.625455058E1,6.502689425E1,2.548420911E1,9.593787447E0,1.285517463E0,3.576501735E2,2.004816123E0,3.000000000E0
4.725456572E1,6.502690750E1,2.548421167E1,9.861557804E0,1.265601839E0,1.792225748E0,2.004445652E0,3.000000000E0
4.825457835E1,6.502691853E1,2.548421172E1,1.012820215E1,1.273523404E0,1.772370291E0,2.036596041E0,3.000000000E0
4.925458968E1,6.502693107E1,2.548421282E1,1.003992831E1,1.565419761E0,4.736540734E0,2.034156285E0,3.000000000E0
5.025459933E1,6.502693932E1,2.548422088E1,1.023071111E1,1.224512797E0,1.136413339E1,2.032021533E0,3.000000000E0
5.125460649E1,6.502695245E1,2.548422464E1,1.001301342E1,1.278037303E0,1.399813175E1,2.087948186E0,3.000000000E0
5.225461388E1,6.502696298E1,2.548424599E1,1.000305340E1,1.266779351E0,2.417711895E1,2.083062174E0,3.000000000E0
5.325461948E1,6.502697063E1,2.548427204E1,1.010002919E1,1.249338212E0,3.631673280E1,2.081762494E0,3.000000000E0
5.425462401E1,6.502697288E1,2.548430128E1,1.004370762E1,1.246178903E0,5.091310219E1,2.077674364E0,3.000000000E0
5.525462723E1,6.502697135E1,2.548433653E1,9.967198712E0,1.264628339E0,6.637074432E1,2.087445998E0,3.000000000E0
5.625462961E1,6.502697231E1,2.548436183E1,1.010901529E1,1.005796374E0,6.470867354E1,2.083073703E0,3.000000000E0
5.725463057E1,6.502696747E1,2.548439553E1,1.018488237E1,1.053972125E0,7.731095341E1,2.078920014E0,3.000000000E0
5.825463188E1,6.502696661E1,2.548442139E1,1.009917107E1,1.151547512E0,8.228656867E1,2.074974019E0,3.000000000E0
5.925463021E1,6.502697508E1,2.548442894E1,1.007574337E1,1.316909476E0,8.046128314E1,2.092536359E0,3.000000000E0
6.025462949E1,6.502697554E1,2.548445614E1,1.012798563E1,1.269001135E0,8.237412991E1,2.087909534E0,3.000000000E0
6.125462770E1,6.502697332E1,2.548448278E1,1.021887407E1,1.056566175E0,9.581300503E1,2.093504095E0,3.000000000E0
6.225462461E1,6.502697567E1,2.548451432E1,1.029036688E1,1.185237516E0,8.635884648E1,2.109512074E0,3.000000000E0
6.325462162E1,6.502697843E1,2.548454062E1,1.044520387E1,1.150716674E0,8.104616593E1,2.108943013E0,3.000000000E0
6.425461769E1,6.502697998E1,2.548455992E1,1.038288175E1,9.158174980E-1,8.286205267E1,2.124970086E0,3.000000000E0
6.525461292E1,6.502698290E1,2.548458539E1,1.016837119E1,1.032918601E0,7.558993898E1,2.118721580E0,3.000000000E0
6.625460815E1,6.502698152E1,2.548460839E1,1.024481093E1,9.258437712E-1,8.462952092E1,2.112785504E0,3.000000000E0
6.725460327E1,6.502697871E1,2.548464881E1,1.036567104E1,1.177468800E0,9.471447628E1,2.151990861E0,3.000000000E0
6.825459683E1,6.502697666E1,2.548467869E1,1.067559962E1,1.080053970E0,9.686795557E1,2.201986235E0,3.000000000E0
6.925459075E1,6.502697857E1,2.548469676E1,1.088411809E1,8.208877845E-1,8.807690820E1,2.203992507E0,3.000000000E0
7.025458372E1,6.502697647E1,2.548473483E1,1.084024672E1,1.140641463E0,8.856518699E1,2.260328289E0,3.000000000E0
7.125457704E1,6.502697516E1,2.548477085E1,1.100100543E1,1.317964175E0,9.161255611E1,2.311932309E0,3.000000000E0
7.225456905E1,6.502696966E1,2.548479449E1,1.060025692E1,1.125337279E0,1.035945780E2,2.310255327E0,3.000000000E0
7.325456071E1,6.502696780E1,2.548483109E1,1.077957383E1,1.382226142E0,1.022469121E2,2.302017840E0,3.000000000E0
7.425455248E1,6.502696416E1,2.548486408E1,1.102664521E1,1.471937374E0,1.051232202E2,2.314355951E0,3.000000000E0
7.525454497E1,6.502695969E1,2.548490332E1,1.116848101E1,1.753735123E0,1.060662514E2,2.316975312E0,3.103604458E0
7.625453532E1,6.502695846E1,2.548493622E1,1.162981183E1,1.688308385E0,9.978227799E1,2.307639490E0,3.041701521E0
7.725452673E1,6.502695709E1,2.548496337E1,1.224593752E1,1.603191100E0,9.725546962E1,2.333405721E0,3.163795509E0
7.825451744E1,6.502695713E1,2.548499234E1,1.278404376E1,1.605604753E0,9.317699329E1,2.318703570E0,3.248220756E0
7.925450814E1,6.502695038E1,2.548502672E1,1.247323698E1,1.756607855E0,1.017768037E2,2.341103801E0,3.155960965E0
8.025449765E1,6.502694829E1,2.548505456E1,1.226999769E1,1.690473330E0,1.042908699E2,2.373019651E0,3.091078348E0
8.125448799E1,6.502695589E1,2.548507645E1,1.177722078E1,1.484508016E0,8.715639187E1,2.360886035E0,3.000000000E0
8.225447834E1,6.502697808E1,2.548507765E1,1.109910221E1,1.513303371E0,3.334713182E1,2.372912315E0,3.000000000E0
8.325446773E1,6.502700143E1,2.548504744E1,1.174463269E1,1.851388730E0,3.487862677E2,2.403172986E0,3.097149272E0
8.425445640E1,6.502701979E1,2.548502640E1,1.248042200E1,1.794276685E0,3.352331008E2,2.406832313E0,3.249476939E0
8.525444651E1,6.502703283E1,2.548501920E1,1.278706209E1,1.707493339E0,3.408634698E2,2.418403024E0,3.271349038E0
8.625443554E1,6.502704357E1,2.548500254E1,1.284891666E1,1.591514173E0,3.340238387E2,2.431055167E0,3.394912077E0
8.725442398E1,6.502705558E1,2.548498790E1,1.181033729E1,1.607360826E0,3.331765842E2,2.461217980E0,3.500388107E0
8.825441325E1,6.502707063E1,2.548497533E1,1.223505274E1,1.694686386E0,3.357101976E2,2.454622187E0,3.556505408E0
8.925440216E1,6.502708383E1,2.548496409E1,1.248155903E1,1.732193437E0,3.360312230E2,2.431891072E0,3.577346355E0
9.025439119E1,6.502709676E1,2.548495910E1,1.268676411E1,1.682374992E0,3.419054047E2,2.410296512E0,3.587424544E0
9.125438011E1,6.502711123E1,2.548495684E1,1.273226980E1,1.726354012E0,3.476682740E2,2.389781672E0,3.435059303E0
9.225436842E1,6.502712442E1,2.548495508E1,1.283180798E1,1.738267994E0,3.504861145E2,2.406365066E0,3.395748360E0
9.325435615E1,6.502713716E1,2.548496385E1,1.272910336E1,1.669674496E0,3.592904652E2,2.398892224E0,3.441599838E0
9.425434518E1,6.502714677E1,2.548499945E1,1.214274963E1,1.700167736E0,2.904764871E1,2.417699572E0,3.426003090E0
9.525433338E1,6.502714317E1,2.548504965E1,1.211711827E1,1.735132999E0,7.149589134E1,2.400082783E0,3.229908211E0
9.625432038E1,6.502713678E1,2.548508790E1,1.237109822E1,1.757651704E0,9.352035161E1,2.380078699E0,3.302000360E0
9.725430906E1,6.502713454E1,2.548511875E1,1.210113151E1,1.736692358E0,9.513386749E1,2.363891163E0,3.242782439E0
9.825429678E1,6.502713817E1,2.548515122E1,1.220856845E1,1.747353145E0,8.312543106E1,2.345696567E0,3.257967733E0
9.925428534E1,6.502713630E1,2.548517151E1,1.168958047E1,1.264871421E0,8.531266194E1,2.345772234E0,3.190783117E0
1.002542779E2,6.502713485E1,2.548519393E1,1.112868543E1,1.130763570E0,8.849482537E1,2.328483632E0,3.000000000E0
1.012542597E2,6.502713205E1,2.548522094E1,1.073277507E1,1.220246351E0,9.440312182E1,2.312059451E0,3.000000000E0
1.022542484E2,6.502712938E1,2.548524192E1,1.003925654E1,1.124215894E0,9.885771285E1,2.296456479E0,3.000000000E0
1.032542353E2,6.502713197E1,2.548528454E1,1.023148431E1,1.396834870E0,8.921361446E1,2.281633642E0,3.000000000E0
1.042542235E2,6.502713661E1,2.548530771E1,1.042084546E1,1.207974690E0,7.919922358E1,2.267551941E0,3.000000000E0
1.052542115E2,6.502713835E1,2.548533845E1,1.053790623E1,1.236480842E0,8.138098615E1,2.263535584E0,3.000000000E0
1.062541986E2,6.502713891E1,2.548536880E1,1.067642980E1,1.270336788E0,8.415756897E1,2.250358806E0,3.000000000E0
1.072541863E2,6.502713989E1,2.548539700E1,1.055182342E1,1.233632821E0,8.580287170E1,2.280762132E0,3.000000000E0
1.082541738E2,6.502714155E1,2.548542187E1,1.054657261E1,1.152368159E0,8.552458904E1,2.292147227E0,3.000000000E0
1.092541611E2,6.502714219E1,2.548545867E1,1.016569491E1,1.368725978E0,8.793106722E1,2.285065977E0,3.000000000E0
1.102541487E2,6.502714374E1,2.548548792E1,1.013942784E1,1.278761331E0,8.446913089E1,2.305158169E0,3.000000000E0
1.112541362E2,6.502714522E1,2.548551296E1,9.958986904E0,1.132091125E0,8.075390700E1,2.315544168E0,3.000000000E0
1.122541234E2,6.502714538E1,2.548554014E1,9.761873773E0,1.102447967E0,8.142649447E1,2.323382096E0,3.000000000E0
1.132541108E2,6.502714442E1,2.548557067E1,9.554788616E0,1.098482463E0,8.294084647E1,2.384631666E0,3.000000000E0
1.142540983E2,6.502714517E1,2.548559453E1,9.756234209E0,9.976025864E-1,7.989520516E1,2.401283385E0,3.000000000E0
1.152540855E2,6.502714376E1,2.548562781E1,9.614429899E0,1.072293189E0,8.347432645E1,2.440147304E0,3.000000000E0
1.162540730E2,6.502714705E1,2.548566110E1,9.486533644E0,1.167091045E0,7.573815238E1,2.483847293E0,3.000000000E0
1.172540606E2,6.502714758E1,2.548570015E1,1.005018114E1,1.344480253E0,8.301175983E1,2.506575870E0,3.000000000E0
1.182540479E2,6.502714725E1,2.548573619E1,9.941448331E0,1.303264052E0,8.489864664E1,2.488253693E0,3.000000000E0
1.192540348E2,6.502714619E1,2.548577969E1,1.042520589E1,1.511542459E0,8.882730213E1,2.510214451E0,3.000000000E0
1.202540218E2,6.502714549E1,2.548581341E1,1.050227707E1,1.358038032E0,8.923604179E1,2.490654640E0,3.000000000E0
1.212540094E2,6.502714382E1,2.548584664E1,1.027026181E1,1.310331487E0,9.077145260E1,2.467482183E0,3.049769217E0
1.222539964E2,6.502714153E1,2.548587687E1,9.444730300E0,1.158979920E0,9.135469750E1,2.461543053E0,3.000000000E0
1.232539830E2,6.502714057E1,2.548592235E1,1.044031938E1,1.411232764E0,9.152123102E1,2.438465911E0,3.000000000E0
1.242539705E2,6.502713732E1,2.548595390E1,1.060917283E1,1.346489940E0,9.716765024E1,2.416542618E0,3.000000000E0
1.252539583E2,6.502713614E1,2.548599100E1,1.038208489E1,1.424581463E0,9.401404872E1,2.395715491E0,3.000000000E0
1.262539444E2,6.502713571E1,2.548602832E1,1.092957456E1,1.379011711E0,9.237843071E1,2.426877804E0,3.006410976E0
1.272539314E2,6.502713503E1,2.548606359E1,1.105118596E1,1.466137601E0,9.013129040E1,2.479162890E0,3.000000000E0
1.282539194E2,6.502713344E1,2.548609688E1,1.108666334E1,1.368850032E0,9.025294938E1,2.535876052E0,3.125690999E0
1.292539061E2,6.502713186E1,2.548613315E1,1.103999764E1,1.336816077E0,8.856091912E1,2.555667171E0,3.000000000E0
1.302538939E2,6.502713052E1,2.548616733E1,1.155225221E1,1.343945078E0,8.829821933E1,2.531878171E0,3.000000000E0
1.312538803E2,6.502712822E1,2.548620459E1,1.152075145E1,1.375807023E0,8.693390625E1,2.540963300E0,3.000000000E0
1.322538679E2,6.502712692E1,2.548623799E1,1.163548359E1,1.376407881E0,8.779871770E1,2.526387747E0,3.000000000E0
1.332538548E2,6.502712480E1,2.548627125E1,1.179083700E1,1.371935938E0,9.029193233E1,2.544741059E0,3.000000000E0
1.342538410E2,6.502712097E1,2.548629796E1,1.152920228E1,1.305231046E0,9.458060613E1,2.584743499E0,3.000000000E0
1.352553958E2,6.502711974E1,2.548632715E1,1.152779299E1,1.219529594E0,9.216946263E1,2.605571941E0,3.000000000E0
1.362554040E2,6.502711695E1,2.548636157E1,1.178329338E1,1.316942692E0,9.238522124E1,2.603079594E0,3.000000000E0
1.372553817E2,6.502711556E1,2.548639967E1,1.222950192E1,1.383285955E0,9.176204274E1,2.582978358E0,3.000000000E0
1.382553829E2,6.502711370E1,2.548643805E1,1.258116014E1,1.378612583E0,9.180361210E1,2.553829445E0,3.000000000E0
1.392553865E2,6.502711415E1,2.548646725E1,1.223287873E1,1.361651522E0,9.451153781E1,2.541580817E0,3.000000000E0
1.402553639E2,6.502711329E1,2.548650338E1,1.190584134E1,1.373728746E0,9.347231825E1,2.514501772E0,3.000000000E0
1.412553691E2,6.502711365E1,2.548653841E1,1.141232488E1,1.365477974E0,9.462366394E1,2.488776673E0,3.000000000E0
1.422553743E2,6.502711307E1,2.548656882E1,1.136061338E1,1.311340439E0,9.552618504E1,2.464337842E0,3.000000000E0
1.432553605E2,6.502711074E1,2.548660854E1,1.194270294E1,1.498886582E0,9.859864331E1,2.441120946E0,3.000000000E0
1.442553617E2,6.502711198E1,2.548664056E1,1.175940120E1,1.405105954E0,9.718233470E1,2.419064905E0,3.003059869E0
1.452553635E2,6.502710947E1,2.548666425E1,1.126418964E1,1.275047618E0,9.935752308E1,2.398111673E0,3.000000000E0
1.462553564E2,6.502710480E1,2.548667092E1,1.060565558E1,7.864842780E-1,1.128103351E2,2.378206124E0,3.000000000E0
1.472553629E2,6.502709700E1,2.548671107E1,1.116396893E1,1.309027597E0,1.160335086E2,2.381889621E0,3.000000000E0
1.482553723E2,6.502708863E1,2.548673809E1,1.061511145E1,1.485962144E0,1.200684936E2,2.362795138E0,3.000000000E0
1.492553608E2,6.502708164E1,2.548675958E1,1.055113198E1,1.374871192E0,1.212665504E2,2.344655376E0,3.000000000E0
1.502553487E2,6.502707567E1,2.548678099E1,9.973996325E0,1.307459587E0,1.220270799E2,2.327422613E0,3.000000000E0
1.512553413E2,6.502706943E1,2.548679706E1,9.967267674E0,1.143783201E0,1.252464787E2,2.311051484E0,3.000000000E0
1.522553267E2,6.502705745E1,2.548680629E1,1.019529044E1,1.093084514E0,1.420670773E2,2.295498912E0,3.000000000E0
1.532553149E2,6.502704506E1,2.548681406E1,9.844516986E0,1.129444786E0,1.544381609E2,2.280723960E0,3.000000000E0
1.542553027E2,6.502703614E1,2.548681573E1,9.595619506E0,9.250294535E-1,1.642735532E2,2.266687769E0,3.000000000E0
1.552552916E2,6.502701857E1,2.548682821E1,9.201733201E0,1.297766233E0,1.648321789E2,2.253353368E0,3.000000000E0
1.562552795E2,6.502700649E1,2.548683446E1,7.329707988E0,1.318184980E0,1.649873127E2,2.263095962E0,3.000000000E0
1.572552685E2,6.502700007E1,2.548682157E1,7.165504462E0,7.768764658E-1,1.826710000E2,2.302728520E0,3.000000000E0
1.582552564E2,6.502698105E1,2.548682807E1,7.506402043E0,8.583250854E-1,1.764850679E2,2.409420286E0,3.000000000E0
1.592552443E2,6.502696681E1,2.548682032E1,6.714185623E0,1.970359330E0,NaN,2.525047889E0,3.000000000E0
1.602552329E2,6.502694901E1,2.548682069E1,6.944465248E0,8.509455856E-1,1.932864207E2,2.535309589E0,3.000000000E0
1.612552199E2,6.502692796E1,2.548682531E1,6.669536668E0,1.028681546E0,1.884483491E2,2.654513675E0,3.000000000E0
1.622552088E2,6.502690976E1,2.548683126E1,6.459226042E0,1.013492455E0,1.835892809E2,2.661529620E0,3.000000000E0
1.632551962E2,6.502689257E1,2.548683170E1,6.076517195E0,1.071841647E0,1.866407303E2,2.663868035E0,3.000000000E0
1.642551841E2,6.502687094E1,2.548683435E1,6.060715121E0,1.199592285E0,1.842737042E2,2.771273167E0,3.000000000E0
1.652551713E2,6.502685310E1,2.548682426E1,6.129815189E0,1.243044734E0,1.939727514E2,2.876659785E0,3.000000000E0
1.662551612E2,6.502684871E1,2.548680061E1,5.448551219E0,7.371814515E-1,2.306368262E2,3.056957333E0,3.000000000E0
1.672551481E2,6.502684068E1,2.548676508E1,5.134083297E0,8.549829986E-1,2.505607359E2,3.077149831E0,3.000000000E0
1.682551349E2,6.502684796E1,2.548672668E1,3.482140461E0,2.106855514E0,NaN,3.054681204E0,3.000000000E0
1.692551227E2,6.502684344E1,2.548666716E1,3.102950227E0,1.589556114E0,2.755335794E2,3.184870626E0,3.054863504E0
1.702551109E2,6.502683743E1,2.548662439E1,2.156181579E0,1.782996571E0,2.649814811E2,3.220183767E0,3.461046208E0
1.712550991E2,6.502683494E1,2.548658135E1,2.004698604E0,1.748852350E0,2.644437294E2,3.439545516E0,3.827745206E0
1.722550861E2,6.502683469E1,2.548656950E1,1.969478698E0,2.361562172E0,NaN,3.550321479E0,3.729345708E0
1.732550733E2,6.502683569E1,2.548648924E1,3.225130741E0,1.745678090E0,2.679472149E2,3.663228894E0,4.093093130E0
1.742550614E2,6.502684267E1,2.548643466E1,4.100552259E0,1.774436947E0,2.751070311E2,3.719101049E0,4.457566334E0
1.752550484E2,6.502685314E1,2.548639878E1,3.779284053E0,1.632397987E0,2.870276018E2,3.750931112E0,4.377264698E0
1.762550372E2,6.502686129E1,2.548635160E1,3.402334851E0,1.683438022E0,2.911663059E2,3.837903233E0,4.302372109E0
1.772550241E2,6.502685553E1,2.548628802E1,5.679510918E0,1.422989583E0,2.762275164E2,4.139292973E0,4.718081343E0
1.782550118E2,6.502685772E1,2.548626366E1,4.261678630E0,1.297947949E0,2.784605460E2,4.139292903E0,4.556946180E0
1.792549988E2,6.502685465E1,2.548608275E1,1.433983912E1,1.787054526E0,2.693536226E2,4.985689760E0,4.868408795E0
1.802549864E2,6.502685412E1,2.548601705E1,1.542273166E1,2.073642342E0,2.734798154E2,6.432287397E0,6.395999620E0
1.812549732E2,6.502685499E1,2.548596674E1,1.579525224E1,2.057814499E0,2.765149868E2,6.161571627E0,6.011140259E0
1.822549614E2,6.502685354E1,2.548591956E1,1.615185415E1,2.027882407E0,2.750815418E2,6.564688034E0,6.093553947E0
1.832549491E2,6.502683554E1,2.548589617E1,1.541748571E1,1.457890536E0,2.442854953E2,6.478589736E0,5.934100771E0
1.842549357E2,6.502680346E1,2.548589010E1,1.495135645E1,1.591752531E0,1.959142111E2,6.347689565E0,5.856483395E0
1.852549235E2,6.502676988E1,2.548588316E1,1.346826029E1,2.064946430E0,1.912866500E2,6.226277985E0,5.646459033E0
1.862549107E2,6.502674770E1,2.548588813E1,1.176197623E1,1.940105405E0,1.837237280E2,6.357149621E0,5.800794624E0
1.872548984E2,6.502672455E1,2.548588342E1,1.102066322E1,2.018060058E0,1.784360729E2,6.480964542E0,5.912400232E0
1.882548858E2,6.502670117E1,2.548587173E1,1.055423291E1,2.026760711E0,1.739421708E2,6.739977730E0,6.072762539E0
1.892548733E2,6.502667490E1,2.548586252E1,1.069999029E1,2.001008640E0,1.758739976E2,6.589378255E0,5.867044436E0
1.902548612E2,6.502665114E1,2.548588054E1,9.916951414E0,2.044943818E0,1.756828571E2,6.468644581E0,5.697160907E0
1.912548484E2,6.502661973E1,2.548588858E1,1.013658019E1,2.118216456E0,1.776747779E2,6.488894997E0,5.656664810E0
1.922548355E2,6.502660089E1,2.548588927E1,9.705505310E0,2.017220792E0,1.844128181E2,6.461076383E0,5.641833451E0
1.932548251E2,6.502658560E1,2.548587192E1,9.997275228E0,1.665077583E0,2.055549292E2,6.431440645E0,5.865207811E0
1.942548094E2,6.502657584E1,2.548583393E1,1.056736077E1,1.258371303E0,2.438673056E2,6.489488936E0,6.073247624E0
1.952547975E2,6.502657639E1,2.548580121E1,1.114743817E1,1.191187634E0,2.739184054E2,6.479224886E0,6.152365848E0
1.962547841E2,6.502658053E1,2.548574531E1,1.255403775E1,1.597785661E0,2.802882818E2,6.776096396E0,6.428206250E0
1.972547719E2,6.502658401E1,2.548569943E1,1.241572424E1,1.740781663E0,2.709114401E2,6.911159717E0,6.777765409E0
1.982547590E2,6.502658085E1,2.548564864E1,1.246931733E1,1.770831445E0,2.639273162E2,6.950690924E0,6.993837283E0
1.992547468E2,6.502658442E1,2.548560301E1,1.309080866E1,1.455516372E0,2.605595129E2,7.180588489E0,7.151343523E0
2.002547342E2,6.502659213E1,2.548554359E1,1.433549352E1,1.766205820E0,2.681692862E2,7.313560781E0,7.308276268E0
2.012547214E2,6.502660090E1,2.548548344E1,1.532121211E1,1.928944805E0,2.725399957E2,7.447363031E0,7.269804231E0
2.022547113E2,6.502661165E1,2.548542468E1,1.409918568E1,1.951395921E0,2.672198628E2,7.634331702E0,7.416691093E0
2.032546955E2,6.502661626E1,2.548536217E1,1.429528290E1,1.939315959E0,2.778781999E2,7.786777097E0,7.381780349E0
2.042546860E2,6.502662961E1,2.548530131E1,1.420659988E1,1.984089559E0,2.763365056E2,7.869006423E0,7.157778547E0
2.052546706E2,6.502663152E1,2.548522829E1,1.449439889E1,2.026509618E0,2.737807261E2,7.811591592E0,6.985887985E0
2.062546571E2,6.502663662E1,2.548516126E1,1.510259127E1,1.914585074E0,2.758257897E2,7.775718739E0,6.834671267E0
2.072546450E2,6.502663431E1,2.548510605E1,1.529785047E1,1.653152202E0,2.745562128E2,7.759026444E0,6.864043014E0
2.082546327E2,6.502662869E1,2.548504592E1,1.563132111E1,2.091564383E0,2.647660329E2,7.872645103E0,7.155590430E0
2.092546194E2,6.502660349E1,2.548500282E1,1.507040580E1,2.003149505E0,2.361031111E2,8.055031518E0,7.378413930E0
2.102546066E2,6.502656798E1,2.548498953E1,1.373371601E1,2.170254314E0,2.062295550E2,8.322633131E0,7.606285868E0
2.112545950E2,6.502653810E1,2.548499266E1,1.340007142E1,2.294725660E0,1.908128200E2,8.214824317E0,7.576595201E0
2.122545813E2,6.502651711E1,2.548494061E1,1.383393161E1,1.959382585E0,2.135330695E2,8.337485456E0,7.494793983E0
2.132545689E2,6.502651375E1,2.548488478E1,1.347690761E1,1.364151587E0,2.380260866E2,8.552891157E0,7.652638881E0
2.142545921E2,6.502651931E1,2.548482167E1,1.393322584E1,1.537043498E0,2.740837440E2,8.696745058E0,7.960290633E0
2.152545444E2,6.502652446E1,2.548480498E1,1.421329220E1,4.967990864E-1,NaN,8.814572430E0,8.476193053E0
2.162545308E2,6.502653156E1,2.548481554E1,1.441360883E1,2.619683694E-1,NaN,8.762244801E0,8.600881259E0
2.172545215E2,6.502652771E1,2.548478890E1,1.383045201E1,2.675761193E-1,NaN,8.645191642E0,8.208507421E0